name,symbol,market_cap_rank,usd_score,btc_score,quadrant,pct_1h,pct_24h,pct_7d,pct_1h_btc,pct_24h_btc,pct_7d_btc,price_usd,price_btc,market_cap,volume_usd
Bitcoin,BTC,1,1.0558189745659474,1.1067223862333502,A 強×強（本命）,-0.1566011222421567,5.503456367328795,8.627557530961079,0.0,0.0,0.0,71025.0,1.0,1418272137980,66621651422
BNB,BNB,4,0.7384631355778528,0.8257838298808826,A 強×強（本命）,-0.055066315154993065,3.6514568127434517,7.418058055820509,0.07296386215238611,-1.7463131764005102,-1.1097510490672124,649.6,0.00914509,88509285436,1343509994
Hedera,HBAR,24,0.7731916647865628,0.6789090054479229,A 強×強（本命）,-0.11541928384153498,5.106554714596887,2.6210775095861427,-0.07560735664320097,-0.3661142313362106,-5.551286709405281,0.100321,1.41e-06,4308737079,125765549
Litecoin,LTC,25,0.5529892511910043,0.6054251455710409,A 強×強（本命）,-0.07328023022413774,3.3858855352029607,4.442157240917025,0.025149616492989767,-1.9980545212418679,-3.875210413895922,55.56,0.00078215,4271913363,397570903
Ethereum,ETH,2,0.5787208531532788,0.5647872622774853,A 強×強（本命）,-0.26310787773421146,4.227984084952431,7.220806302097787,-0.13534420316149562,-1.1998092314417481,-1.3178633573863456,2050.03,0.02886027,247338831736,27650912474
Avalanche,AVAX,28,0.5181945882560332,0.558192063732039,A 強×強（本命）,0.006487440274517345,2.735275511880684,3.823131924638027,0.0701460579349903,-2.6093301701544127,-4.419279693572316,9.3,0.00013086,4009244087,406132636
Figure Heloc,FIGR_HELOC,9,-0.12826723314663385,0.4979340806993057,C 弱×強（BTC重・アルト優勢）,0.0,0.24806255411175165,-0.07676116627835826,0.0,-2.198969981844914,-4.580014675025829,1.033,1.509e-05,16045239097,34685192
TRON,TRX,8,0.11051335641285188,0.23810050935640198,A 強×強（本命）,0.05505469050872164,1.120580359096398,-0.618838830595735,0.11874422340373463,-4.1453912994905044,-8.533188058772485,0.284343,4e-06,26939334827,591180628
Chainlink,LINK,17,0.18739967456298134,0.08121309528565697,A 強×強（本命）,-0.4853687402753511,4.3672524625927425,5.727768099608654,-0.3578897834626285,-1.0950785188586991,-2.673763489416442,9.08,0.00012776,6424871433,421168143
Solana,SOL,7,0.23932227899768943,-0.004371282153884382,B 強×弱（USD強・BTC優位）,-0.6960753567366963,5.74174926740956,7.913024679491487,-0.5688663166117753,0.20748042897998603,-0.6807706991570491,89.12,0.00125468,50788576141,6588412128
Dogecoin,DOGE,10,-0.17711203818041185,-0.053769500081474964,D 弱×弱（様子見）,-0.2323798859016608,2.0538450356830915,-2.1442951486091637,-0.10457684855089888,-3.2482561449390213,-9.9129588714559,0.092041,1.3e-06,15542630619,1658499527
USD1,USD1,22,-0.19088626028728084,-0.07410549950629125,D 弱×弱（様子見）,-0.011257664954313303,-0.0032046532344222577,-0.062193384921153276,0.05228648430344791,-5.198433960676299,-8.020852054866383,0.999195,1.407e-05,4626296901,2544399961
Bitcoin Cash,BCH,14,-0.05447442332445057,-0.11092633138564842,D 弱×弱（様子見）,-0.3541009245260583,4.462575859635103,-7.322536542457316,-0.2906718375433989,-0.9774340958688492,-14.703028003351951,455.89,0.00641798,9113203099,336613818
Cardano,ADA,12,-0.19295193912717404,-0.16696199207131082,D 弱×弱（様子見）,-0.17329310035911838,1.3020725300824427,-0.7191950118651403,-0.1097489210815082,-3.9679735154318774,-8.625552243808135,0.267842,3.77e-06,9856910539,808059464
Stellar,XLM,21,-0.2076703442250815,-0.27187060158294396,D 弱×弱（様子見）,-0.3261509217061504,2.266631665766299,-0.2089026114727789,-0.262704043292271,-3.0581686841465268,-8.155877928566852,0.153903,2.17e-06,5071438349,121823823
Monero,XMR,18,-0.23987119975514437,-0.2960858685414467,D 弱×弱（様子見）,-0.3057742474055377,1.6520600828544614,1.5547745955749601,-0.24241726727539495,-3.6291667791958844,-6.5075544682303255,344.49,0.00484974,6343893721,104310572
Hyperliquid,HYPE,16,-0.16071936826027317,-0.5614366932160834,D 弱×弱（様子見）,-0.7068128050851543,1.7992812580098483,19.952346009565765,-0.6437106901865498,-3.5286482867907822,10.399807176826785,32.31,0.00045493,7703544269,291627465
XRP,XRP,5,-0.5246681642127439,-0.7242606416902588,D 弱×弱（様子見）,-0.5995584002997172,2.4565304696107773,1.0071059609815352,-0.5371027527796377,-2.878157496630926,-7.036727515063296,1.39,1.956e-05,84861320429,3672216339
Rain,RAIN,23,-0.9551567684337188,-0.8480114572155074,D 弱×弱（様子見）,-0.3874321678098311,-0.5907911679977761,-2.5627770552615248,-0.25982775354490906,-5.755493030319337,-10.322298956230732,0.00909116,1.27985e-07,4345749217,29382085
Canton,CC,20,-1.9816245945771285,-2.104056067065078,D 弱×弱（様子見）,-0.9578829953281061,-1.3119291515860954,-3.7077795013037145,-0.8310093326670999,-6.451225052409264,-11.363121067852923,0.155506,2.19e-06,5902265997,22678990
