rank,name,symbol,price,pct_1h,pct_24h,pct_7d,pct_1h_vs_btc,pct_24h_vs_btc,pct_7d_vs_btc,market_cap_rank,market_cap,volume_usd,score
1,Hyperliquid,HYPE,30.57,0.42240554025707633,-0.46535392392662067,10.675638654280059,1.3826532631973345,1.0762905126689453,12.062812672871107,16,7321581255,365759150,1.6602879316342944
2,Figure Heloc,FIGR_HELOC,1.029,0.0,0.0,-1.633142423092692,0.9602477229402581,1.541644436595566,-0.24596840450164414,9,15908254518,286520,0.8605844330357858
3,USD1,USD1,0.999746,-0.04222653540183002,-0.04374084598168497,0.030056628521796237,0.9180211875384281,1.497903590613881,1.4172306471128442,22,4665734936,2044096519,0.8570612676609286
4,TRON,TRX,0.281454,-0.04097853206306135,-0.15717362445173874,-1.241923701750937,0.9192691908771967,1.3844708121438272,0.14525031684011092,8,26667029255,390826630,0.7806790420607129
5,Monero,XMR,338.86,-0.07509990028233988,-1.300990219645861,6.755438938270654,0.8851478226579181,0.240654216949705,8.142612956861703,17,6261842830,99176415,0.6872671124588812
6,BNB,BNB,620.15,-0.3478817931195049,-0.19487003081567622,1.576141417340115,0.6123659298207531,1.3467744057798896,2.963315435931163,4,84555208899,1222221555,0.490511883615581
7,Litecoin,LTC,53.14,-0.1198137824624075,-1.1708363433906255,0.3859731283135713,0.8404339404778506,0.37080809320494046,1.7731471469046192,27,4087721222,313387228,0.4564792221967838
8,Bitcoin Cash,BCH,441.42,0.15837960137230017,-1.1251184251199162,-18.13077172055786,1.1186273243125582,0.4165260114756497,-16.743597701966813,14,8831505864,302085123,0.19132888517807994
9,Avalanche,AVAX,8.92,-0.38444286057520755,-1.3957561793523583,2.099508503657714,0.5758048623650505,0.14588825724320764,3.4866825222487616,28,3855203546,324218539,0.1271991891869438
10,Hedera,HBAR,0.096633,-0.37775179064834746,-1.2650046838423799,-0.7809767085243242,0.5824959322919105,0.2766397527531861,0.6061973100667237,26,4155941006,93139271,0.07500941793263728
11,Stellar,XLM,0.152964,-0.19236200204343254,-2.0754831653800423,-2.396598630115377,0.7678857208968255,-0.5338387287844764,-1.0094246115243293,21,5042918922,113443151,0.022703419783620622
12,Cardano,ADA,0.270317,-0.27888173040018244,-1.9901060839438995,-1.1885804644896565,0.6813659925400757,-0.4484616473483336,0.19859355410139146,13,9954966932,521670200,-0.018189952628830604
13,Dogecoin,DOGE,0.091036,-0.42788931373248146,-1.8934406925579628,-6.2931449676866595,0.5323584092077767,-0.35179625596239683,-4.905970949095612,10,15394526724,1125340528,-0.342817453833386
14,Chainlink,LINK,8.61,-0.560523767949555,-2.340598874713251,0.766816711030735,0.399723954990703,-0.7989544381176852,2.153990729621783,19,6102334455,361031365,-0.39553839532910395
15,Canton,CC,0.161041,-0.4451635280371516,-2.7591138231701438,-0.5500804394938145,0.5150841949031064,-1.2174693865745778,0.8370935790972335,18,6107403709,24444238,-0.4154392916957882
16,Solana,SOL,83.1,-0.7202815696027965,-2.1256593927364884,3.038626755849754,0.23996615333746152,-0.5840149561409225,4.425800774440802,7,47359786918,4495302676,-0.4456880364494599
17,XRP,XRP,1.34,-0.627492983571538,-1.9255313766053823,-5.262621429661029,0.33275473936872,-0.3838869400098164,-3.875447411069981,5,81934090391,2848573980,-0.5576197813410475
18,Bitcoin,BTC,65356.0,-0.9602477229402581,-1.541644436595566,-1.387174018591048,0.0,0.0,0.0,1,1309453064324,46394881112,-0.6810559109928762
19,Ethereum,ETH,1922.8,-0.8778158564970936,-2.789955970194462,0.1496611066643699,0.08243186644316447,-1.2483115335988961,1.5368351252554178,2,232330632705,20702790069,-0.8878941057917685
20,Zcash,ZEC,212.35,-0.20458470809283694,-4.736593270965983,-13.594107775895573,0.7556630148474212,-3.1949488343704173,-12.206933757304524,29,3524306040,231940079,-1.1059456178480354
21,Rain,RAIN,0.00909337,-0.3962734597438949,-5.97268062825198,-5.687450373867153,0.5639742631963631,-4.431036191656414,-4.300276355276106,23,4349674495,30996570,-1.4207469467594336
