rank,name,symbol,price_btc,price_usd,pct_1h_btc,pct_24h_btc,pct_7d_btc,market_cap_rank,market_cap_usd,volume_usd,score
1,Zcash,ZEC,0.00402966,282.64,-0.4743060272414493,16.293535766877714,19.815087586660336,23,4666996961,507918336,1.183826960731003
2,Dogecoin,DOGE,1.42e-06,0.099874,0.9806632452116221,1.5647703332411513,1.3195754690033872,9,16851053798,991357670,0.9685679983751323
3,Cardano,ADA,4.02e-06,0.282285,0.741678089426474,2.4271719624440538,2.456877859078484,13,10388405049,447139937,0.8221446815887571
4,Sui,SUI,1.425e-05,0.999674,0.5500507456292604,2.9433276733297524,-0.6505643924707195,29,3847180727,610300424,0.5919716957079059
5,XRP,XRP,2.087e-05,1.46,0.5308696340753095,2.4646226157116224,0.6813427230663454,4,89183048162,2551608595,0.5691204227103579
6,Hyperliquid,HYPE,0.00045889,32.19,0.6408601707662407,1.5136746080168957,-4.837888203868075,16,7685620183,260922445,0.45881966207403047
7,Hedera,HBAR,1.47e-06,0.103013,-0.2005483816165063,5.30048954276549,14.298909824811151,24,4429855731,198775693,0.3864054704518868
8,Ethereum,ETH,0.02989671,2096.92,0.2381803335943514,2.3412484303141796,1.1163484713559149,2,252964808750,19640014392,0.3042969568505257
9,Solana,SOL,0.0012356,86.66,0.17296197758328183,3.2234825407959464,-1.103563397830647,7,49245093165,3648349702,0.22304258333434157
10,Stellar,XLM,2.44e-06,0.171043,-0.03342381891365213,3.744775761730726,5.570042347387935,21,5617642848,132355172,0.20989088530144034
11,Avalanche,AVAX,0.000133,9.33,0.32884639091207113,0.4770838205799295,0.8106556006628901,27,4027429617,229075034,0.18671186489078598
12,Chainlink,LINK,0.00012842,9.01,0.08469734685505262,2.1770381833639156,1.4091564382508832,18,6378022210,338952041,0.09523310280540909
13,Bitcoin,BTC,1.0,70140.0,0.0,0.0,0.0,1,1401944647634,40820558462,-0.16016750272642616
14,BNB,BNB,0.00900264,631.43,0.0061187476965379566,0.4689520695611449,-3.4788093855080535,5,86082868105,1157938269,-0.2511915598252141
15,Litecoin,LTC,0.00079452,55.73,-0.187102030262613,-0.2750112440384782,1.5316336673863074,25,4282521753,346254601,-0.39317622809182384
16,Bitcoin Cash,BCH,0.00808934,567.38,-0.7062380865248985,2.800665233582721,6.7035797850777525,11,11345223754,439778505,-0.5379780178615208
17,Figure Heloc,FIGR_HELOC,1.49e-05,1.033,0.0,-3.6477563240905537,-0.7182302007455155,10,15650802372,14372631,-0.5456071235956966
18,Monero,XMR,0.00506431,355.23,-0.4338468529687156,-0.8309287114708628,6.313571845745555,17,6552674547,88550552,-0.578545825798871
19,TRON,TRX,4.04e-06,0.283388,-0.4740888729690524,-2.5330334474446268,0.4227913318345387,8,26843016829,629442343,-0.910332767948861
20,Canton,CC,2.33e-06,0.163171,-0.6266503228282292,-1.4324431136349944,-8.701836542842633,20,6149869841,15625132,-1.2006330484721903
21,USD1,USD1,1.425e-05,0.999408,-0.7762671184597877,-4.612451690857182,-3.034765065277999,22,5288375313,1478340878,-1.4843887696148272
